{
  "project_info": {
    "project_number": "160588244237",
    "project_id": "backenddata-9e54e",
    "storage_bucket": "backenddata-9e54e.appspot.com"
  },
  "client": [
    {
      "client_info": {
        "mobilesdk_app_id": "1:160588244237:android:3a1f22ec8ac9125db8bc44",
        "android_client_info": {
          "package_name": "com.flutterflow.edriveapp"
        }
      },
      "oauth_client": [
        {
          "client_id": "160588244237-1bi4evb9vbbh7grbptg83q8mi3cbv6a4.apps.googleusercontent.com",
          "client_type": 1,
          "android_info": {
            "package_name": "com.flutterflow.edriveapp",
            "certificate_hash": "6f876a46ff414c19c47dc7d6609b57d6e8af8f3e"
          }
        },
        {
          "client_id": "160588244237-d5e05qmv0v5jveva1qpi3appl3dhijdb.apps.googleusercontent.com",
          "client_type": 3
        }
      ],
      "api_key": [
        {
          "current_key": "AIzaSyB07LJIojpBzllgTRo_JbD-m9BhRxgBEqE"
        }
      ],
      "services": {
        "appinvite_service": {
          "other_platform_oauth_client": [
            {
              "client_id": "160588244237-d5e05qmv0v5jveva1qpi3appl3dhijdb.apps.googleusercontent.com",
              "client_type": 3
            },
            {
              "client_id": "160588244237-20tvr2u20eqlpo2ehj8fojlrhrn1g2lb.apps.googleusercontent.com",
              "client_type": 2,
              "ios_info": {
                "bundle_id": "com.flutterflow.edriveapp"
              }
            }
          ]
        }
      }
    }
  ],
  "configuration_version": "1"
}