{"v":"5.6.6","fr":24,"ip":0,"op":120,"w":3500,"h":3500,"nm":"Wavy_Gen-02_Single-01","ddd":0,"assets":[],"layers":[{"ddd":0,"ind":1,"ty":4,"nm":"laptop p1","sr":1,"ks":{"o":{"a":0,"k":100,"ix":11},"r":{"a":0,"k":0,"ix":10},"p":{"a":0,"k":[1414.187,2674.639,0],"ix":2},"a":{"a":0,"k":[1414.187,2674.639,0],"ix":1},"s":{"a":0,"k":[100,100,100],"ix":6}},"ao":0,"shapes":[{"ty":"gr","it":[{"ind":0,"ty":"sh","ix":1,"ks":{"a":0,"k":{"i":[[61.37,26.009],[62.948,53.687],[29.633,54.894],[-16.072,43.058],[0,0],[1.152,-10.49],[0,0],[-12.973,0.613],[0,0],[-1.678,9.774],[0,0],[25.826,5.239]],"o":[[-53.306,-22.593],[-83.041,-70.823],[-9.228,-17.098],[0,0],[-10.55,0.296],[0,0],[-1.417,12.91],[0,0],[9.905,-0.468],[0,0],[-18.523,-10.307],[-89.564,-18.166]],"v":[[69.171,92.262],[-28.269,-27.101],[-225.586,-122.105],[-223.147,-208.866],[-268.895,-207.579],[-289.311,-188.758],[-330.406,185.421],[-308.396,208.842],[302.097,179.941],[321.928,162.407],[330.535,112.31],[264.05,87.39]],"c":true},"ix":2},"nm":"Path 1","mn":"ADBE Vector Shape - Group","hd":false},{"ty":"gf","o":{"a":0,"k":100,"ix":10},"r":1,"bm":0,"g":{"p":3,"k":{"a":0,"k":[0.494,0.922,0.937,0.949,0.747,0.961,0.969,0.975,1,1,1,1],"ix":9}},"s":{"a":0,"k":[-331.014,-0.337],"ix":5},"e":{"a":0,"k":[330.056,-0.337],"ix":6},"t":1,"nm":"Gradient Fill 1","mn":"ADBE Vector Graphic - G-Fill","hd":false},{"ty":"tr","p":{"a":0,"k":[1394.014,2688.337],"ix":2},"a":{"a":0,"k":[0,0],"ix":1},"s":{"a":0,"k":[100,100],"ix":3},"r":{"a":0,"k":0,"ix":6},"o":{"a":0,"k":100,"ix":7},"sk":{"a":0,"k":0,"ix":4},"sa":{"a":0,"k":0,"ix":5},"nm":"Transform"}],"nm":"Group 1","np":2,"cix":2,"bm":0,"ix":1,"mn":"ADBE Vector Group","hd":false},{"ty":"gr","it":[{"ty":"gr","it":[{"ind":0,"ty":"sh","ix":1,"ks":{"a":0,"k":{"i":[[1.152,-10.49],[0,0],[-12.975,0.613],[0,0],[-1.678,9.773],[0,0],[13.339,-0.375],[0,0]],"o":[[0,0],[-1.418,12.911],[0,0],[9.905,-0.469],[0,0],[2.26,-13.153],[0,0],[-10.55,0.296]],"v":[[-316.348,-180.516],[-357.443,193.664],[-335.434,217.084],[275.059,188.184],[294.89,170.65],[357.261,-192.392],[335.836,-217.1],[-295.933,-199.337]],"c":true},"ix":2},"nm":"Path 1","mn":"ADBE Vector Shape - Group","hd":false},{"ty":"fl","c":{"a":0,"k":[1,1,1,1],"ix":4},"o":{"a":0,"k":100,"ix":5},"r":1,"bm":0,"nm":"Fill 1","mn":"ADBE Vector Graphic - Fill","hd":false},{"ty":"tr","p":{"a":0,"k":[1421.051,2680.095],"ix":2},"a":{"a":0,"k":[0,0],"ix":1},"s":{"a":0,"k":[100,100],"ix":3},"r":{"a":0,"k":0,"ix":6},"o":{"a":0,"k":100,"ix":7},"sk":{"a":0,"k":0,"ix":4},"sa":{"a":0,"k":0,"ix":5},"nm":"Transform"}],"nm":"Group 1","np":2,"cix":2,"bm":0,"ix":1,"mn":"ADBE Vector Group","hd":false},{"ty":"gr","it":[{"ind":0,"ty":"sh","ix":1,"ks":{"a":0,"k":{"i":[[1.152,-10.491],[0,0],[-12.973,0.614],[0,0],[-1.679,9.773],[0,0],[13.34,-0.374],[0,0]],"o":[[0,0],[-1.417,12.911],[0,0],[9.904,-0.469],[0,0],[2.259,-13.153],[0,0],[-10.549,0.297]],"v":[[-322.941,-184.566],[-364.036,189.613],[-334.405,221.144],[268.466,184.133],[288.298,166.599],[363.964,-194.789],[329.241,-221.151],[-302.525,-203.387]],"c":true},"ix":2},"nm":"Path 1","mn":"ADBE Vector Shape - Group","hd":false},{"ty":"fl","c":{"a":0,"k":[0.847058832645,0.870588243008,0.909803926945,1],"ix":4},"o":{"a":0,"k":100,"ix":5},"r":1,"bm":0,"nm":"Fill 1","mn":"ADBE Vector Graphic - Fill","hd":false},{"ty":"tr","p":{"a":0,"k":[1413.865,2673.234],"ix":2},"a":{"a":0,"k":[0,0],"ix":1},"s":{"a":0,"k":[100,100],"ix":3},"r":{"a":0,"k":0,"ix":6},"o":{"a":0,"k":100,"ix":7},"sk":{"a":0,"k":0,"ix":4},"sa":{"a":0,"k":0,"ix":5},"nm":"Transform"}],"nm":"Group 2","np":2,"cix":2,"bm":0,"ix":2,"mn":"ADBE Vector Group","hd":false},{"ty":"tr","p":{"a":0,"k":[1413.865,2673.234],"ix":2},"a":{"a":0,"k":[1413.865,2673.234],"ix":1},"s":{"a":0,"k":[100,100],"ix":3},"r":{"a":0,"k":0,"ix":6},"o":{"a":0,"k":100,"ix":7},"sk":{"a":0,"k":0,"ix":4},"sa":{"a":0,"k":0,"ix":5},"nm":"Transform"}],"nm":"Group 2","np":2,"cix":2,"bm":0,"ix":2,"mn":"ADBE Vector Group","hd":false}],"ip":0,"op":144,"st":0,"bm":0},{"ddd":0,"ind":2,"ty":4,"nm":"head","sr":1,"ks":{"o":{"a":0,"k":100,"ix":11},"r":{"a":1,"k":[{"i":{"x":[0.451],"y":[1]},"o":{"x":[0.333],"y":[0]},"t":12,"s":[-24]},{"i":{"x":[0.525],"y":[1]},"o":{"x":[0.333],"y":[0]},"t":32,"s":[0]},{"i":{"x":[0.488],"y":[1]},"o":{"x":[0.167],"y":[0]},"t":46,"s":[0]},{"i":{"x":[0.488],"y":[1]},"o":{"x":[0.167],"y":[0]},"t":58.5,"s":[-6]},{"i":{"x":[0.488],"y":[1]},"o":{"x":[0.167],"y":[0]},"t":71,"s":[0]},{"i":{"x":[0.488],"y":[1]},"o":{"x":[0.167],"y":[0]},"t":83.5,"s":[-6]},{"i":{"x":[0.307],"y":[1]},"o":{"x":[0.167],"y":[0]},"t":96,"s":[0]},{"i":{"x":[0.307],"y":[1]},"o":{"x":[0.333],"y":[0]},"t":108,"s":[0]},{"t":120,"s":[-24]}],"ix":10},"p":{"a":0,"k":[1285.942,2022.879,0],"ix":2},"a":{"a":0,"k":[1285.942,2022.879,0],"ix":1},"s":{"a":0,"k":[100,100,100],"ix":6}},"ao":0,"shapes":[{"ty":"gr","it":[{"ind":0,"ty":"sh","ix":1,"ks":{"a":0,"k":{"i":[[1.058,0.551],[9.544,8.245],[0.256,-0.202],[-7.173,-2.884],[-0.213,1.443]],"o":[[0,0],[-0.465,-0.4],[-0.958,0.769],[5.095,2.049],[0.09,-0.609]],"v":[[8.604,3.259],[-9.038,-6.421],[-10.402,-6.887],[-1.054,5.941],[10.565,5.092]],"c":true},"ix":2},"nm":"Path 1","mn":"ADBE Vector Shape - Group","hd":false},{"ty":"gf","o":{"a":0,"k":100,"ix":10},"r":1,"bm":0,"g":{"p":3,"k":{"a":0,"k":[0,1,0.769,0.267,0.5,0.976,0.602,0.302,1,0.953,0.435,0.337],"ix":9}},"s":{"a":0,"k":[1523.162,-2615.643],"ix":5},"e":{"a":0,"k":[1543.664,-2649.775],"ix":6},"t":1,"nm":"Gradient Fill 1","mn":"ADBE Vector Graphic - G-Fill","hd":false},{"ty":"tr","p":{"a":0,"k":[1342.51,2053.062],"ix":2},"a":{"a":0,"k":[0,0],"ix":1},"s":{"a":0,"k":[100,100],"ix":3},"r":{"a":0,"k":0,"ix":6},"o":{"a":0,"k":100,"ix":7},"sk":{"a":0,"k":0,"ix":4},"sa":{"a":0,"k":0,"ix":5},"nm":"Transform"}],"nm":"Group 1","np":2,"cix":2,"bm":0,"ix":1,"mn":"ADBE Vector Group","hd":false},{"ty":"gr","it":[{"ind":0,"ty":"sh","ix":1,"ks":{"a":0,"k":{"i":[[-0.796,-2.828],[5.537,-6.58],[-12.608,-11.857],[-14.42,-8.863],[-3.597,-4.276],[14.849,0.758],[4.16,6.121],[-2.196,15.756],[1.513,13.463],[-0.994,11.243],[-0.405,1.628]],"o":[[0.547,1.955],[-10.751,12.775],[7.455,7.009],[8.929,5.488],[-6.973,17.721],[-15.991,-0.819],[-2.783,-4.097],[2.287,-16.418],[-0.763,-6.79],[0.27,-3.053],[12.527,-1.995]],"v":[[1.625,-58.48],[-11.011,-48.168],[-7.997,2.625],[19.84,15.343],[38.43,31.45],[1.534,59.825],[-28.565,38.248],[-38.087,5.298],[-25.636,-26.544],[-29.049,-50.07],[-27.85,-57.234]],"c":true},"ix":2},"nm":"Path 1","mn":"ADBE Vector Shape - Group","hd":false},{"ty":"gf","o":{"a":0,"k":100,"ix":10},"r":1,"bm":0,"g":{"p":3,"k":{"a":0,"k":[0,0.192,0.098,0.267,0.5,0.306,0.161,0.365,1,0.42,0.224,0.463],"ix":9}},"s":{"a":0,"k":[1538.518,-2430.908],"ix":5},"e":{"a":0,"k":[1474.685,-2206.834],"ix":6},"t":1,"nm":"Gradient Fill 1","mn":"ADBE Vector Graphic - G-Fill","hd":false},{"ty":"tr","p":{"a":0,"k":[1326.526,2026.971],"ix":2},"a":{"a":0,"k":[0,0],"ix":1},"s":{"a":0,"k":[100,100],"ix":3},"r":{"a":0,"k":0,"ix":6},"o":{"a":0,"k":100,"ix":7},"sk":{"a":0,"k":0,"ix":4},"sa":{"a":0,"k":0,"ix":5},"nm":"Transform"}],"nm":"Group 2","np":2,"cix":2,"bm":0,"ix":2,"mn":"ADBE Vector Group","hd":false},{"ty":"gr","it":[{"ind":0,"ty":"sh","ix":1,"ks":{"a":0,"k":{"i":[[-10.334,-16.048],[-31.352,-21.056],[7.273,25.875],[11.279,4.547],[10.799,4.598],[4.13,-0.179],[8.265,-21.555],[5.915,1.293],[2.491,-1.096]],"o":[[0,0],[28.071,18.851],[-2.427,-8.632],[-6.661,-2.686],[-9.961,-4.241],[-5.168,0.223],[-1.122,-9.091],[-0.944,-0.204],[-9.01,3.969]],"v":[[-45.663,-8.628],[-18.265,48.579],[52.625,-15.372],[28.868,-39.099],[7.799,-45.536],[-7.929,-52.327],[-28.64,-25.849],[-40.271,-42.932],[-46.504,-42.206]],"c":true},"ix":2},"nm":"Path 1","mn":"ADBE Vector Shape - Group","hd":false},{"ty":"gf","o":{"a":0,"k":100,"ix":10},"r":1,"bm":0,"g":{"p":3,"k":{"a":0,"k":[0,1,0.769,0.267,0.498,0.976,0.602,0.302,0.996,0.953,0.435,0.337],"ix":9}},"s":{"a":0,"k":[42.604,-85.747],"ix":5},"e":{"a":0,"k":[-96.82,54.323],"ix":6},"t":1,"nm":"Gradient Fill 1","mn":"ADBE Vector Graphic - G-Fill","hd":false},{"ty":"tr","p":{"a":0,"k":[1334.526,2025.337],"ix":2},"a":{"a":0,"k":[0,0],"ix":1},"s":{"a":0,"k":[100,100],"ix":3},"r":{"a":0,"k":0,"ix":6},"o":{"a":0,"k":100,"ix":7},"sk":{"a":0,"k":0,"ix":4},"sa":{"a":0,"k":0,"ix":5},"nm":"Transform"}],"nm":"Group 3","np":2,"cix":2,"bm":0,"ix":3,"mn":"ADBE Vector Group","hd":false},{"ty":"gr","it":[{"ind":0,"ty":"sh","ix":1,"ks":{"a":0,"k":{"i":[[-16.16,4.458],[0.193,19.833],[7.171,6.973],[26.183,-13.283],[1.568,-6.195],[-0.756,-6.912],[-2.227,-25.063],[-7.007,3.849],[-11.503,2.663]],"o":[[17.048,-4.701],[-0.168,-17.064],[-20.779,-20.207],[-15.515,7.873],[-1.774,7.008],[1.045,9.585],[4.383,-3.514],[2.696,-1.479],[23.057,-5.338]],"v":[[31.147,42.414],[63.576,-1.259],[44.256,-36.941],[-38.823,-56.514],[-62.99,-6.712],[-61.272,12.189],[-56.471,61.977],[-39.363,50.492],[-14.522,40.647]],"c":true},"ix":2},"nm":"Path 1","mn":"ADBE Vector Shape - Group","hd":false},{"ty":"gf","o":{"a":0,"k":100,"ix":10},"r":1,"bm":0,"g":{"p":3,"k":{"a":0,"k":[0,0.192,0.098,0.267,0.5,0.306,0.161,0.365,1,0.42,0.224,0.463],"ix":9}},"s":{"a":0,"k":[1561.875,-2404.622],"ix":5},"e":{"a":0,"k":[1498.111,-2180.79],"ix":6},"t":1,"nm":"Gradient Fill 1","mn":"ADBE Vector Graphic - G-Fill","hd":false},{"ty":"tr","p":{"a":0,"k":[1355.119,1981.904],"ix":2},"a":{"a":0,"k":[0,0],"ix":1},"s":{"a":0,"k":[100,100],"ix":3},"r":{"a":0,"k":0,"ix":6},"o":{"a":0,"k":100,"ix":7},"sk":{"a":0,"k":0,"ix":4},"sa":{"a":0,"k":0,"ix":5},"nm":"Transform"}],"nm":"Group 4","np":2,"cix":2,"bm":0,"ix":4,"mn":"ADBE Vector Group","hd":false}],"ip":0,"op":144,"st":0,"bm":0},{"ddd":0,"ind":3,"ty":4,"nm":"forearm","parent":7,"sr":1,"ks":{"o":{"a":0,"k":100,"ix":11},"r":{"a":1,"k":[{"i":{"x":[0.327],"y":[1]},"o":{"x":[0.333],"y":[0]},"t":32,"s":[0]},{"i":{"x":[0.667],"y":[1]},"o":{"x":[0.333],"y":[0]},"t":46,"s":[-6]},{"i":{"x":[0.327],"y":[1]},"o":{"x":[0.333],"y":[0]},"t":54.2,"s":[0]},{"i":{"x":[0.667],"y":[1]},"o":{"x":[0.333],"y":[0]},"t":62.4,"s":[-6]},{"i":{"x":[0.327],"y":[1]},"o":{"x":[0.333],"y":[0]},"t":70.6,"s":[0]},{"i":{"x":[0.667],"y":[1]},"o":{"x":[0.333],"y":[0]},"t":78.8,"s":[-6]},{"t":87,"s":[0]}],"ix":10},"p":{"a":0,"k":[-462.365,87.329,0],"ix":2},"a":{"a":0,"k":[-128,-84,0],"ix":1},"s":{"a":0,"k":[100,100,100],"ix":6}},"ao":0,"shapes":[{"ty":"gr","it":[{"ind":0,"ty":"sh","ix":1,"ks":{"a":0,"k":{"i":[[-2.151,136.445],[64.411,0],[0,-64.411],[-1.278,-5.028],[-406.222,-84.444],[0,0]],"o":[[0,-64.411],[-64.411,0],[0,10.85],[1.278,5.028],[0,0],[0,0]],"v":[[-13.337,-89.02],[-129.964,-205.647],[-246.591,-89.02],[-242.366,-59.01],[207.48,205.647],[246.591,159.425]],"c":true},"ix":2},"nm":"Path 1","mn":"ADBE Vector Shape - Group","hd":false},{"ty":"gf","o":{"a":0,"k":100,"ix":10},"r":1,"bm":0,"g":{"p":3,"k":{"a":0,"k":[0,0.192,0.098,0.267,0.5,0.306,0.161,0.365,1,0.42,0.224,0.463],"ix":9}},"s":{"a":0,"k":[116.702,350.314],"ix":5},"e":{"a":0,"k":[-229.742,-564.131],"ix":6},"t":1,"nm":"Gradient Fill 1","mn":"ADBE Vector Graphic - G-Fill","hd":false},{"ty":"tr","p":{"a":0,"k":[0,0],"ix":2},"a":{"a":0,"k":[0,0],"ix":1},"s":{"a":0,"k":[100,100],"ix":3},"r":{"a":0,"k":0,"ix":6},"o":{"a":0,"k":100,"ix":7},"sk":{"a":0,"k":0,"ix":4},"sa":{"a":0,"k":0,"ix":5},"nm":"Transform"}],"nm":"Group 1","np":2,"cix":2,"bm":0,"ix":1,"mn":"ADBE Vector Group","hd":false}],"ip":0,"op":144,"st":0,"bm":0},{"ddd":0,"ind":4,"ty":4,"nm":"laptop p2","sr":1,"ks":{"o":{"a":0,"k":100,"ix":11},"r":{"a":0,"k":0,"ix":10},"p":{"a":0,"k":[1173.778,2837.78,0],"ix":2},"a":{"a":0,"k":[1173.778,2837.78,0],"ix":1},"s":{"a":0,"k":[100,100,100],"ix":6}},"ao":0,"shapes":[{"ty":"gr","it":[{"ind":0,"ty":"sh","ix":1,"ks":{"a":0,"k":{"i":[[0,-10.721],[0,0],[-10.255,-3.728],[0,0],[0,0],[0,0]],"o":[[0,0],[0,10.911],[0,0],[0,0],[0,0],[-10.303,-2.962]],"v":[[-102.111,-40.644],[-102.111,-40.642],[-85.031,-16.256],[101.261,56.775],[102.111,6.144],[-81.538,-56.138]],"c":true},"ix":2},"nm":"Path 1","mn":"ADBE Vector Shape - Group","hd":false},{"ty":"fl","c":{"a":0,"k":[0.847058832645,0.870588243008,0.909803926945,1],"ix":4},"o":{"a":0,"k":100,"ix":5},"r":1,"bm":0,"nm":"Fill 1","mn":"ADBE Vector Graphic - Fill","hd":false},{"ty":"tr","p":{"a":0,"k":[973.349,2837.78],"ix":2},"a":{"a":0,"k":[0,0],"ix":1},"s":{"a":0,"k":[100,100],"ix":3},"r":{"a":0,"k":0,"ix":6},"o":{"a":0,"k":100,"ix":7},"sk":{"a":0,"k":0,"ix":4},"sa":{"a":0,"k":0,"ix":5},"nm":"Transform"}],"nm":"Group 1","np":2,"cix":2,"bm":0,"ix":1,"mn":"ADBE Vector Group","hd":false},{"ty":"gr","it":[{"ind":0,"ty":"sh","ix":1,"ks":{"a":0,"k":{"i":[[0,0],[0,0],[0,0],[0,0]],"o":[[0,0],[0,0],[0,0],[0,0]],"v":[[290.762,-28.708],[-292.254,-37.411],[-137.219,37.411],[292.254,9.302]],"c":true},"ix":2},"nm":"Path 1","mn":"ADBE Vector Shape - Group","hd":false},{"ty":"gf","o":{"a":0,"k":100,"ix":10},"r":1,"bm":0,"g":{"p":3,"k":{"a":0,"k":[0,0.667,0.502,0.976,0.498,0.524,0.449,0.91,0.996,0.38,0.396,0.843],"ix":9}},"s":{"a":0,"k":[-293.065,-0.053],"ix":5},"e":{"a":0,"k":[291.443,-0.053],"ix":6},"t":1,"nm":"Gradient Fill 1","mn":"ADBE Vector Graphic - G-Fill","hd":false},{"ty":"tr","p":{"a":0,"k":[1184.065,2819.053],"ix":2},"a":{"a":0,"k":[0,0],"ix":1},"s":{"a":0,"k":[100,100],"ix":3},"r":{"a":0,"k":0,"ix":6},"o":{"a":0,"k":100,"ix":7},"sk":{"a":0,"k":0,"ix":4},"sa":{"a":0,"k":0,"ix":5},"nm":"Transform"}],"nm":"Group 2","np":2,"cix":2,"bm":0,"ix":2,"mn":"ADBE Vector Group","hd":false}],"ip":0,"op":144,"st":0,"bm":0},{"ddd":0,"ind":5,"ty":4,"nm":"neck","sr":1,"ks":{"o":{"a":0,"k":100,"ix":11},"r":{"a":0,"k":0,"ix":10},"p":{"a":0,"k":[1252.573,2059.491,0],"ix":2},"a":{"a":0,"k":[0,0,0],"ix":1},"s":{"a":0,"k":[100,100,100],"ix":6}},"ao":0,"shapes":[{"ty":"gr","it":[{"ind":0,"ty":"sh","ix":1,"ks":{"a":0,"k":{"i":[[0,0],[39.136,-5.307],[9.745,-5.089],[-46.713,-12.812],[-23.448,5.605],[19.434,7.97],[0,0]],"o":[[0,0],[-39.136,5.307],[-9.745,5.087],[46.713,12.814],[23.448,-5.607],[-19.434,-7.971],[0,0]],"v":[[63.735,-64.371],[-22.551,-8.079],[-127.993,-8.079],[-32.128,30.775],[122.846,63.58],[77.789,19.938],[86.171,-28.977]],"c":true},"ix":2},"nm":"Path 1","mn":"ADBE Vector Shape - Group","hd":false},{"ty":"gf","o":{"a":0,"k":100,"ix":10},"r":1,"bm":0,"g":{"p":3,"k":{"a":0,"k":[0,1,0.769,0.267,0.498,0.976,0.602,0.302,0.996,0.953,0.435,0.337],"ix":9}},"s":{"a":0,"k":[34.427,-57.491],"ix":5},"e":{"a":0,"k":[-44.134,130.689],"ix":6},"t":1,"nm":"Gradient Fill 1","mn":"ADBE Vector Graphic - G-Fill","hd":false},{"ty":"tr","p":{"a":0,"k":[0,0],"ix":2},"a":{"a":0,"k":[0,0],"ix":1},"s":{"a":0,"k":[100,100],"ix":3},"r":{"a":0,"k":0,"ix":6},"o":{"a":0,"k":100,"ix":7},"sk":{"a":0,"k":0,"ix":4},"sa":{"a":0,"k":0,"ix":5},"nm":"Transform"}],"nm":"Group 1","np":2,"cix":2,"bm":0,"ix":1,"mn":"ADBE Vector Group","hd":false}],"ip":0,"op":144,"st":0,"bm":0},{"ddd":0,"ind":6,"ty":4,"nm":"shadow","sr":1,"ks":{"o":{"a":0,"k":30,"ix":11},"r":{"a":0,"k":0,"ix":10},"p":{"a":0,"k":[1190.108,2569.526,0],"ix":2},"a":{"a":0,"k":[0,0,0],"ix":1},"s":{"a":0,"k":[100,100,100],"ix":6}},"ao":0,"shapes":[{"ty":"gr","it":[{"ind":0,"ty":"sh","ix":1,"ks":{"a":0,"k":{"i":[[68.092,-8.35],[46.235,3.029],[-42.49,95.129],[4.929,40.433],[40.934,1.216],[14.767,-19.474],[0.78,-32.141],[-29.596,19.826],[-99.013,-77.379],[-88.644,9.807],[-55.009,26.5]],"o":[[-49.825,6.109],[-100.599,-6.587],[27.707,-62.025],[-3.942,-32.353],[-63.731,-1.891],[-34.511,45.512],[25.325,-49.683],[-97.789,209.739],[70.169,54.834],[95.495,-10.565],[-53.451,-87.009]],"v":[[111.083,78.921],[1.462,133.73],[-137.39,-142.146],[-42.385,-255.42],[-137.39,-313.884],[-257.971,-240.804],[-300.704,-113.179],[-205.448,-216.046],[-195.853,272.582],[72.715,305.468],[300.704,239.615]],"c":true},"ix":2},"nm":"Path 1","mn":"ADBE Vector Shape - Group","hd":false},{"ty":"gf","o":{"a":0,"k":100,"ix":10},"r":1,"bm":0,"g":{"p":3,"k":{"a":0,"k":[0,0.192,0.098,0.267,0.5,0.306,0.161,0.365,1,0.42,0.224,0.463],"ix":9}},"s":{"a":0,"k":[-29.108,-406.526],"ix":5},"e":{"a":0,"k":[1.951,95.898],"ix":6},"t":1,"nm":"Gradient Fill 1","mn":"ADBE Vector Graphic - G-Fill","hd":false},{"ty":"tr","p":{"a":0,"k":[0,0],"ix":2},"a":{"a":0,"k":[0,0],"ix":1},"s":{"a":0,"k":[100,100],"ix":3},"r":{"a":0,"k":0,"ix":6},"o":{"a":0,"k":100,"ix":7},"sk":{"a":0,"k":0,"ix":4},"sa":{"a":0,"k":0,"ix":5},"nm":"Transform"}],"nm":"Group 1","np":2,"cix":2,"bm":1,"ix":1,"mn":"ADBE Vector Group","hd":false}],"ip":0,"op":144,"st":0,"bm":1},{"ddd":0,"ind":7,"ty":4,"nm":"body","sr":1,"ks":{"o":{"a":0,"k":100,"ix":11},"r":{"a":0,"k":0,"ix":10},"p":{"a":0,"k":[1215.663,2451.358,0],"ix":2},"a":{"a":0,"k":[0,0,0],"ix":1},"s":{"a":0,"k":[100,100,100],"ix":6}},"ao":0,"shapes":[{"ty":"gr","it":[{"ind":0,"ty":"sh","ix":1,"ks":{"a":0,"k":{"i":[[52.5,97.961],[112.975,54.145],[206.543,38.216],[47.262,1.771],[118.087,-79.879],[-41.592,-150.427],[-4.264,-9.681],[-2,-3.527],[-45.414,0],[-0.347,64.114],[-2.079,6.635],[-35.793,23.977],[-99.013,-77.379],[-88.644,9.807],[-54.622,29.982],[-15.492,104.745],[-21.648,41.788],[7.625,-87.315],[9.101,-7.049],[-3.044,-20.096],[-56.685,50.63]],"o":[[-10.258,-19.141],[-60.082,-28.795],[-148.773,-27.524],[-43.177,-1.617],[-144.674,97.867],[2.99,10.813],[1.792,4.069],[19.262,37.887],[64.196,0],[2.469,-27.458],[21.511,-68.665],[-97.789,209.738],[70.169,54.836],[117.659,-13.016],[-13.585,-50.648],[11.998,-81.11],[6.883,6.14],[-6.633,75.976],[3.046,20.097],[44.72,4.746],[99.715,-89.058]],"v":[[541.283,-166.561],[363.231,-338.221],[77.538,-395.966],[-113.615,-431.397],[-413.243,-358.318],[-584.981,92.951],[-574.046,123.702],[-568.354,135.09],[-464.329,198.936],[-347.71,82.953],[-340.163,38.14],[-231.003,-97.876],[-221.408,390.751],[47.16,423.637],[309.767,339.956],[295.632,98.432],[355.922,-87.922],[416.213,61.891],[346.788,187.954],[355.922,248.245],[536.795,202.57]],"c":true},"ix":2},"nm":"Path 1","mn":"ADBE Vector Shape - Group","hd":false},{"ty":"gf","o":{"a":0,"k":100,"ix":10},"r":1,"bm":0,"g":{"p":3,"k":{"a":0,"k":[0,0.192,0.098,0.267,0.5,0.306,0.161,0.365,1,0.42,0.224,0.463],"ix":9}},"s":{"a":0,"k":[89.337,306.642],"ix":5},"e":{"a":0,"k":[-135.384,-413.194],"ix":6},"t":1,"nm":"Gradient Fill 1","mn":"ADBE Vector Graphic - G-Fill","hd":false},{"ty":"tr","p":{"a":0,"k":[0,0],"ix":2},"a":{"a":0,"k":[0,0],"ix":1},"s":{"a":0,"k":[100,100],"ix":3},"r":{"a":0,"k":0,"ix":6},"o":{"a":0,"k":100,"ix":7},"sk":{"a":0,"k":0,"ix":4},"sa":{"a":0,"k":0,"ix":5},"nm":"Transform"}],"nm":"Group 1","np":2,"cix":2,"bm":0,"ix":1,"mn":"ADBE Vector Group","hd":false}],"ip":0,"op":144,"st":0,"bm":0},{"ddd":0,"ind":8,"ty":4,"nm":"L leg","sr":1,"ks":{"o":{"a":0,"k":100,"ix":11},"r":{"a":1,"k":[{"i":{"x":[0.489],"y":[1]},"o":{"x":[0.333],"y":[0]},"t":0,"s":[0]},{"i":{"x":[0.506],"y":[1]},"o":{"x":[0.333],"y":[0]},"t":13.3,"s":[6]},{"t":28,"s":[0]}],"ix":10},"p":{"a":0,"k":[1421.852,3128.365,0],"ix":2},"a":{"a":0,"k":[1421.852,3128.365,0],"ix":1},"s":{"a":0,"k":[100,100,100],"ix":6}},"ao":0,"shapes":[{"ty":"gr","it":[{"ind":0,"ty":"sh","ix":1,"ks":{"a":0,"k":{"i":[[9.098,-52.978],[-56.329,-28.234],[-320.592,31.033],[-4.262,25.577],[72.826,35.823],[172.47,104.272],[56.862,-14.279]],"o":[[-19.582,114.011],[114.8,57.541],[4.264,-25.578],[-42.352,-14.509],[-124.289,-61.139],[-190.847,-115.382],[-48.622,12.21]],"v":[[-472.943,-136.672],[-190.14,128.905],[461.26,236.644],[474.049,159.91],[296.109,85.995],[-47.843,-123.079],[-351.143,-238.984]],"c":true},"ix":2},"nm":"Path 1","mn":"ADBE Vector Shape - Group","hd":false},{"ty":"gf","o":{"a":0,"k":100,"ix":10},"r":1,"bm":0,"g":{"p":3,"k":{"a":0,"k":[0,0.267,0.294,0.549,0.498,0.208,0.222,0.429,0.996,0.149,0.149,0.31],"ix":9}},"s":{"a":0,"k":[35.762,-40.785],"ix":5},"e":{"a":0,"k":[-152.477,350.754],"ix":6},"t":1,"nm":"Gradient Fill 1","mn":"ADBE Vector Graphic - G-Fill","hd":false},{"ty":"tr","p":{"a":0,"k":[847.237,2897.785],"ix":2},"a":{"a":0,"k":[0,0],"ix":1},"s":{"a":0,"k":[100,100],"ix":3},"r":{"a":0,"k":0,"ix":6},"o":{"a":0,"k":100,"ix":7},"sk":{"a":0,"k":0,"ix":4},"sa":{"a":0,"k":0,"ix":5},"nm":"Transform"}],"nm":"Group 1","np":2,"cix":2,"bm":0,"ix":1,"mn":"ADBE Vector Group","hd":false},{"ty":"gr","it":[{"ind":0,"ty":"sh","ix":1,"ks":{"a":0,"k":{"i":[[0,0],[0,0],[14.539,-11.381],[0,0]],"o":[[0,0],[0,0],[-14.538,11.381],[0,0]],"v":[[-33.826,-26.858],[32.493,-5.524],[28.726,23.801],[-36.333,11.113]],"c":true},"ix":2},"nm":"Path 1","mn":"ADBE Vector Shape - Group","hd":false},{"ty":"gf","o":{"a":0,"k":100,"ix":10},"r":1,"bm":0,"g":{"p":3,"k":{"a":0,"k":[0,1,0.769,0.267,0.498,0.976,0.602,0.302,0.996,0.953,0.435,0.337],"ix":9}},"s":{"a":0,"k":[40.083,56.313],"ix":5},"e":{"a":0,"k":[-186.467,-228.701],"ix":6},"t":1,"nm":"Gradient Fill 1","mn":"ADBE Vector Graphic - G-Fill","hd":false},{"ty":"tr","p":{"a":0,"k":[1329.917,3093.687],"ix":2},"a":{"a":0,"k":[0,0],"ix":1},"s":{"a":0,"k":[100,100],"ix":3},"r":{"a":0,"k":0,"ix":6},"o":{"a":0,"k":100,"ix":7},"sk":{"a":0,"k":0,"ix":4},"sa":{"a":0,"k":0,"ix":5},"nm":"Transform"}],"nm":"Group 2","np":2,"cix":2,"bm":0,"ix":2,"mn":"ADBE Vector Group","hd":false},{"ty":"gr","it":[{"ind":0,"ty":"sh","ix":1,"ks":{"a":0,"k":{"i":[[-10.471,15.461],[-36.035,-12.135],[0.088,-17.62],[39.561,7.24]],"o":[[0,0],[36.034,12.134],[-0.088,17.62],[-37.843,-6.928]],"v":[[-75.956,-23.813],[-15.089,-29.485],[78.077,10.061],[-18.821,31.466]],"c":true},"ix":2},"nm":"Path 1","mn":"ADBE Vector Shape - Group","hd":false},{"ty":"gf","o":{"a":0,"k":100,"ix":10},"r":1,"bm":0,"g":{"p":3,"k":{"a":0,"k":[0,0.667,0.502,0.976,0.498,0.524,0.449,0.91,0.996,0.38,0.396,0.843],"ix":9}},"s":{"a":0,"k":[62.561,78.282],"ix":5},"e":{"a":0,"k":[-101.868,-126.34],"ix":6},"t":1,"nm":"Gradient Fill 1","mn":"ADBE Vector Graphic - G-Fill","hd":false},{"ty":"tr","p":{"a":0,"k":[1408.439,3120.718],"ix":2},"a":{"a":0,"k":[0,0],"ix":1},"s":{"a":0,"k":[100,100],"ix":3},"r":{"a":0,"k":0,"ix":6},"o":{"a":0,"k":100,"ix":7},"sk":{"a":0,"k":0,"ix":4},"sa":{"a":0,"k":0,"ix":5},"nm":"Transform"}],"nm":"Group 3","np":2,"cix":2,"bm":0,"ix":3,"mn":"ADBE Vector Group","hd":false}],"ip":0,"op":144,"st":0,"bm":0},{"ddd":0,"ind":9,"ty":4,"nm":"hip r leg","sr":1,"ks":{"o":{"a":0,"k":100,"ix":11},"r":{"a":0,"k":0,"ix":10},"p":{"a":0,"k":[1317.548,2866.744,0],"ix":2},"a":{"a":0,"k":[1317.548,2866.744,0],"ix":1},"s":{"a":0,"k":[100,100,100],"ix":6}},"ao":0,"shapes":[{"ty":"gr","it":[{"ind":0,"ty":"sh","ix":1,"ks":{"a":0,"k":{"i":[[49.234,67.749],[23.771,4.774],[9.883,-22.454],[56.193,-72.023],[48.787,-29.176],[59.898,-37.375],[47.46,-26.259],[37.363,4.694],[73.645,-15.384],[-5.587,-10.068],[-172.898,255.914]],"o":[[-12.995,-17.881],[7.91,27.389],[-27.016,61.372],[-55.188,70.735],[-55.917,33.44],[-40.725,25.409],[-32.798,18.147],[-42.826,-5.381],[5.585,10.066],[138.103,8.3],[11.627,-17.21]],"v":[[406.089,-216.632],[348.27,-248.938],[347.017,-173.393],[183.805,-58.901],[118.033,109.183],[-67.103,101.875],[-142.618,201.751],[-244.929,206.622],[-420.069,215.475],[-403.311,245.675],[347.979,10]],"c":true},"ix":2},"nm":"Path 1","mn":"ADBE Vector Shape - Group","hd":false},{"ty":"gf","o":{"a":0,"k":100,"ix":10},"r":1,"bm":0,"g":{"p":3,"k":{"a":0,"k":[0,1,0.565,0.522,0.5,0.992,0.5,0.627,1,0.984,0.435,0.733],"ix":9}},"s":{"a":0,"k":[-434.266,-0.733],"ix":5},"e":{"a":0,"k":[420.045,-0.733],"ix":6},"t":1,"nm":"Gradient Fill 1","mn":"ADBE Vector Graphic - G-Fill","hd":false},{"ty":"tr","p":{"a":0,"k":[1664.266,2868.733],"ix":2},"a":{"a":0,"k":[0,0],"ix":1},"s":{"a":0,"k":[100,100],"ix":3},"r":{"a":0,"k":0,"ix":6},"o":{"a":0,"k":30,"ix":7},"sk":{"a":0,"k":0,"ix":4},"sa":{"a":0,"k":0,"ix":5},"nm":"Transform"}],"nm":"Group 1","np":2,"cix":2,"bm":1,"ix":1,"mn":"ADBE Vector Group","hd":false},{"ty":"gr","it":[{"ind":0,"ty":"sh","ix":1,"ks":{"a":0,"k":{"i":[[10.311,18.581],[-67.94,55.936],[-135.331,32.807],[-44.466,-61.191],[11.627,-17.209],[138.105,8.3]],"o":[[135.525,-72.656],[133.675,-110.059],[24.189,-5.862],[49.232,67.749],[-172.898,255.916],[-10.31,-18.583]],"v":[[-427.156,191.918],[-123.601,-10.677],[206.726,-236.567],[413.177,-214.644],[355.067,11.989],[-396.225,247.663]],"c":true},"ix":2},"nm":"Path 1","mn":"ADBE Vector Shape - Group","hd":false},{"ty":"gf","o":{"a":0,"k":100,"ix":10},"r":1,"bm":0,"g":{"p":3,"k":{"a":0,"k":[0,0.267,0.294,0.549,0.498,0.208,0.222,0.429,0.996,0.149,0.149,0.31],"ix":9}},"s":{"a":0,"k":[-427.178,-0.744],"ix":5},"e":{"a":0,"k":[427.134,-0.744],"ix":6},"t":1,"nm":"Gradient Fill 1","mn":"ADBE Vector Graphic - G-Fill","hd":false},{"ty":"tr","p":{"a":0,"k":[1657.178,2866.744],"ix":2},"a":{"a":0,"k":[0,0],"ix":1},"s":{"a":0,"k":[100,100],"ix":3},"r":{"a":0,"k":0,"ix":6},"o":{"a":0,"k":100,"ix":7},"sk":{"a":0,"k":0,"ix":4},"sa":{"a":0,"k":0,"ix":5},"nm":"Transform"}],"nm":"Group 2","np":2,"cix":2,"bm":0,"ix":2,"mn":"ADBE Vector Group","hd":false},{"ty":"gr","it":[{"ind":0,"ty":"sh","ix":1,"ks":{"a":0,"k":{"i":[[0,0],[0,0],[0,0],[0,0],[0,0],[0,0]],"o":[[0,0],[0,0],[0,0],[0,0],[0,0],[0,0]],"v":[[-7.64,-56.326],[674.233,-226.885],[708.338,-61.223],[84.101,226.885],[-410.171,104.789],[-708.338,-187.966]],"c":true},"ix":2},"nm":"Path 1","mn":"ADBE Vector Shape - Group","hd":false},{"ty":"gf","o":{"a":0,"k":100,"ix":10},"r":1,"bm":0,"g":{"p":3,"k":{"a":0,"k":[0,0.267,0.294,0.549,0.498,0.208,0.222,0.429,0.996,0.149,0.149,0.31],"ix":9}},"s":{"a":0,"k":[6.902,-278.685],"ix":5},"e":{"a":0,"k":[-7.714,9.981],"ix":6},"t":1,"nm":"Gradient Fill 1","mn":"ADBE Vector Graphic - G-Fill","hd":false},{"ty":"tr","p":{"a":0,"k":[1259.098,2885.685],"ix":2},"a":{"a":0,"k":[0,0],"ix":1},"s":{"a":0,"k":[100,100],"ix":3},"r":{"a":0,"k":0,"ix":6},"o":{"a":0,"k":100,"ix":7},"sk":{"a":0,"k":0,"ix":4},"sa":{"a":0,"k":0,"ix":5},"nm":"Transform"}],"nm":"Group 3","np":2,"cix":2,"bm":0,"ix":3,"mn":"ADBE Vector Group","hd":false}],"ip":0,"op":144,"st":0,"bm":0},{"ddd":0,"ind":10,"ty":4,"nm":"l3","sr":1,"ks":{"o":{"a":0,"k":100,"ix":11},"r":{"a":1,"k":[{"i":{"x":[0.667],"y":[1]},"o":{"x":[0.333],"y":[0]},"t":0,"s":[0]},{"t":30,"s":[4]}],"ix":10,"x":"var $bm_rt;\n$bm_rt = loopOut('pingpong');"},"p":{"a":0,"k":[1296.872,2925.799,0],"ix":2},"a":{"a":0,"k":[1100.872,3093.799,0],"ix":1},"s":{"a":0,"k":[100,100,100],"ix":6}},"ao":0,"shapes":[{"ty":"gr","it":[{"ty":"gr","it":[{"ind":0,"ty":"sh","ix":1,"ks":{"a":0,"k":{"i":[[0,0],[-92.179,47.848],[-95.781,70.857]],"o":[[0,0],[0,0],[95.781,-70.857]],"v":[[-177.131,123.481],[109.622,134.205],[177.131,-153.007]],"c":false},"ix":2},"nm":"Path 1","mn":"ADBE Vector Shape - Group","hd":false},{"ty":"st","c":{"a":0,"k":[1,1,1,1],"ix":3},"o":{"a":0,"k":100,"ix":4},"w":{"a":0,"k":4,"ix":5},"lc":1,"lj":1,"ml":10,"bm":0,"nm":"Stroke 1","mn":"ADBE Vector Graphic - Stroke","hd":false},{"ty":"tr","p":{"a":0,"k":[337.088,2868.583],"ix":2},"a":{"a":0,"k":[0,0],"ix":1},"s":{"a":0,"k":[100,100],"ix":3},"r":{"a":0,"k":0,"ix":6},"o":{"a":0,"k":32,"ix":7},"sk":{"a":0,"k":0,"ix":4},"sa":{"a":0,"k":0,"ix":5},"nm":"Transform"}],"nm":"Group 1","np":2,"cix":2,"bm":0,"ix":1,"mn":"ADBE Vector Group","hd":false},{"ty":"gr","it":[{"ind":0,"ty":"sh","ix":1,"ks":{"a":0,"k":{"i":[[0,0],[0,0],[-190.233,75.027]],"o":[[0,0],[0,0],[190.233,-75.027]],"v":[[-174.103,-28.651],[-14.657,120.337],[174.103,-120.337]],"c":false},"ix":2},"nm":"Path 1","mn":"ADBE Vector Shape - Group","hd":false},{"ty":"st","c":{"a":0,"k":[1,1,1,1],"ix":3},"o":{"a":0,"k":100,"ix":4},"w":{"a":0,"k":4,"ix":5},"lc":1,"lj":1,"ml":10,"bm":0,"nm":"Stroke 1","mn":"ADBE Vector Graphic - Stroke","hd":false},{"ty":"tr","p":{"a":0,"k":[286.553,2679.193],"ix":2},"a":{"a":0,"k":[0,0],"ix":1},"s":{"a":0,"k":[100,100],"ix":3},"r":{"a":0,"k":0,"ix":6},"o":{"a":0,"k":32,"ix":7},"sk":{"a":0,"k":0,"ix":4},"sa":{"a":0,"k":0,"ix":5},"nm":"Transform"}],"nm":"Group 2","np":2,"cix":2,"bm":0,"ix":2,"mn":"ADBE Vector Group","hd":false},{"ty":"gr","it":[{"ind":0,"ty":"sh","ix":1,"ks":{"a":0,"k":{"i":[[0,0],[290.837,-91.976],[-137.782,222.777]],"o":[[0,0],[-296.363,93.724],[137.782,-222.777]],"v":[[435.446,326.092],[-41.378,228.441],[-389.657,-326.092]],"c":false},"ix":2},"nm":"Path 1","mn":"ADBE Vector Shape - Group","hd":false},{"ty":"st","c":{"a":0,"k":[1,1,1,1],"ix":3},"o":{"a":0,"k":100,"ix":4},"w":{"a":0,"k":4,"ix":5},"lc":1,"lj":1,"ml":10,"bm":0,"nm":"Stroke 1","mn":"ADBE Vector Graphic - Stroke","hd":false},{"ty":"tr","p":{"a":0,"k":[677.875,2785.586],"ix":2},"a":{"a":0,"k":[0,0],"ix":1},"s":{"a":0,"k":[100,100],"ix":3},"r":{"a":0,"k":0,"ix":6},"o":{"a":0,"k":32,"ix":7},"sk":{"a":0,"k":0,"ix":4},"sa":{"a":0,"k":0,"ix":5},"nm":"Transform"}],"nm":"Group 3","np":2,"cix":2,"bm":0,"ix":3,"mn":"ADBE Vector Group","hd":false},{"ty":"tr","p":{"a":0,"k":[677.875,2785.586],"ix":2},"a":{"a":0,"k":[677.875,2785.586],"ix":1},"s":{"a":0,"k":[100,100],"ix":3},"r":{"a":0,"k":0,"ix":6},"o":{"a":0,"k":100,"ix":7},"sk":{"a":0,"k":0,"ix":4},"sa":{"a":0,"k":0,"ix":5},"nm":"Transform"}],"nm":"Group 1","np":3,"cix":2,"bm":0,"ix":1,"mn":"ADBE Vector Group","hd":false},{"ty":"gr","it":[{"ind":0,"ty":"sh","ix":1,"ks":{"a":0,"k":{"i":[[-150.013,-82.373],[260.971,61.628],[42.471,92.617],[137.449,-182.105],[-235.561,-47.554],[-32.764,5.471]],"o":[[0,0],[-260.971,-61.628],[-44.811,-97.719],[-137.449,182.105],[235.561,47.554],[32.764,-5.471]],"v":[[509.448,316.161],[115.549,107.139],[-111.728,-186.413],[-443.09,-255.571],[-261.433,326.98],[176.049,274.467]],"c":true},"ix":2},"nm":"Path 1","mn":"ADBE Vector Shape - Group","hd":false},{"ty":"gf","o":{"a":0,"k":100,"ix":10},"r":1,"bm":0,"g":{"p":3,"k":{"a":0,"k":[0,0.694,0.482,0.929,0.5,0.786,0.516,0.9,1,0.878,0.549,0.871],"ix":9}},"s":{"a":0,"k":[-455.872,275.201],"ix":5},"e":{"a":0,"k":[127.239,-34.133],"ix":6},"t":1,"nm":"Gradient Fill 1","mn":"ADBE Vector Graphic - G-Fill","hd":false},{"ty":"tr","p":{"a":0,"k":[608.872,2797.799],"ix":2},"a":{"a":0,"k":[0,0],"ix":1},"s":{"a":0,"k":[100,100],"ix":3},"r":{"a":0,"k":0,"ix":6},"o":{"a":0,"k":100,"ix":7},"sk":{"a":0,"k":0,"ix":4},"sa":{"a":0,"k":0,"ix":5},"nm":"Transform"}],"nm":"Group 2","np":2,"cix":2,"bm":0,"ix":2,"mn":"ADBE Vector Group","hd":false}],"ip":0,"op":144,"st":0,"bm":0},{"ddd":0,"ind":11,"ty":4,"nm":"l1","sr":1,"ks":{"o":{"a":0,"k":100,"ix":11},"r":{"a":1,"k":[{"i":{"x":[0.667],"y":[1]},"o":{"x":[0.333],"y":[0]},"t":0,"s":[0]},{"t":30,"s":[2]}],"ix":10,"x":"var $bm_rt;\n$bm_rt = loopOut('pingpong');"},"p":{"a":0,"k":[1332.165,2834.535,0],"ix":2},"a":{"a":0,"k":[1452.165,2754.535,0],"ix":1},"s":{"a":0,"k":[100,100,100],"ix":6}},"ao":0,"shapes":[{"ty":"gr","it":[{"ty":"gr","it":[{"ind":0,"ty":"sh","ix":1,"ks":{"a":0,"k":{"i":[[0,0],[-36.06,-87.994],[121.777,39.079]],"o":[[0,0],[0,0],[-121.777,-39.079]],"v":[[111.144,-122.101],[67.048,92.43],[-111.144,108.022]],"c":false},"ix":2},"nm":"Path 1","mn":"ADBE Vector Shape - Group","hd":false},{"ty":"st","c":{"a":0,"k":[1,1,1,1],"ix":3},"o":{"a":0,"k":100,"ix":4},"w":{"a":0,"k":4,"ix":5},"lc":1,"lj":1,"ml":10,"bm":0,"nm":"Stroke 1","mn":"ADBE Vector Graphic - Stroke","hd":false},{"ty":"tr","p":{"a":0,"k":[1267.654,2036.304],"ix":2},"a":{"a":0,"k":[0,0],"ix":1},"s":{"a":0,"k":[100,100],"ix":3},"r":{"a":0,"k":0,"ix":6},"o":{"a":0,"k":100,"ix":7},"sk":{"a":0,"k":0,"ix":4},"sa":{"a":0,"k":0,"ix":5},"nm":"Transform"}],"nm":"Group 1","np":2,"cix":2,"bm":0,"ix":1,"mn":"ADBE Vector Group","hd":false},{"ty":"gr","it":[{"ind":0,"ty":"sh","ix":1,"ks":{"a":0,"k":{"i":[[0,0],[-159.432,51.661],[-130.815,133.339]],"o":[[0,0],[0,0],[130.815,-133.339]],"v":[[-169.593,107.06],[71.602,131.386],[169.593,-149.382]],"c":false},"ix":2},"nm":"Path 1","mn":"ADBE Vector Shape - Group","hd":false},{"ty":"st","c":{"a":0,"k":[1,1,1,1],"ix":3},"o":{"a":0,"k":100,"ix":4},"w":{"a":0,"k":4,"ix":5},"lc":1,"lj":1,"ml":10,"bm":0,"nm":"Stroke 1","mn":"ADBE Vector Graphic - Stroke","hd":false},{"ty":"tr","p":{"a":0,"k":[1138.833,1801.324],"ix":2},"a":{"a":0,"k":[0,0],"ix":1},"s":{"a":0,"k":[100,100],"ix":3},"r":{"a":0,"k":0,"ix":6},"o":{"a":0,"k":100,"ix":7},"sk":{"a":0,"k":0,"ix":4},"sa":{"a":0,"k":0,"ix":5},"nm":"Transform"}],"nm":"Group 2","np":2,"cix":2,"bm":0,"ix":2,"mn":"ADBE Vector Group","hd":false},{"ty":"gr","it":[{"ind":0,"ty":"sh","ix":1,"ks":{"a":0,"k":{"i":[[0,0],[-120.733,-60.204],[-213.188,72.76]],"o":[[0,0],[0,0],[221.855,-75.718]],"v":[[-197.461,-143.018],[-40.94,143.018],[197.461,-108.062]],"c":false},"ix":2},"nm":"Path 1","mn":"ADBE Vector Shape - Group","hd":false},{"ty":"st","c":{"a":0,"k":[1,1,1,1],"ix":3},"o":{"a":0,"k":100,"ix":4},"w":{"a":0,"k":4,"ix":5},"lc":1,"lj":1,"ml":10,"bm":0,"nm":"Stroke 1","mn":"ADBE Vector Graphic - Stroke","hd":false},{"ty":"tr","p":{"a":0,"k":[1147.544,1460.473],"ix":2},"a":{"a":0,"k":[0,0],"ix":1},"s":{"a":0,"k":[100,100],"ix":3},"r":{"a":0,"k":0,"ix":6},"o":{"a":0,"k":100,"ix":7},"sk":{"a":0,"k":0,"ix":4},"sa":{"a":0,"k":0,"ix":5},"nm":"Transform"}],"nm":"Group 3","np":2,"cix":2,"bm":0,"ix":3,"mn":"ADBE Vector Group","hd":false},{"ty":"gr","it":[{"ind":0,"ty":"sh","ix":1,"ks":{"a":0,"k":{"i":[[0,0],[142.782,216.472],[5.16,177.979],[-92,126.185]],"o":[[0,0],[-142.782,-216.472],[-5.16,-177.978],[92,-126.185]],"v":[[149.923,799.343],[133.935,322.688],[-200.748,-315.616],[-103.407,-799.343]],"c":false},"ix":2},"nm":"Path 1","mn":"ADBE Vector Shape - Group","hd":false},{"ty":"st","c":{"a":0,"k":[1,1,1,1],"ix":3},"o":{"a":0,"k":100,"ix":4},"w":{"a":0,"k":4,"ix":5},"lc":1,"lj":1,"ml":10,"bm":0,"nm":"Stroke 1","mn":"ADBE Vector Graphic - Stroke","hd":false},{"ty":"tr","p":{"a":0,"k":[1308.426,1965.908],"ix":2},"a":{"a":0,"k":[0,0],"ix":1},"s":{"a":0,"k":[100,100],"ix":3},"r":{"a":0,"k":0,"ix":6},"o":{"a":0,"k":100,"ix":7},"sk":{"a":0,"k":0,"ix":4},"sa":{"a":0,"k":0,"ix":5},"nm":"Transform"}],"nm":"Group 4","np":2,"cix":2,"bm":0,"ix":4,"mn":"ADBE Vector Group","hd":false},{"ty":"tr","p":{"a":0,"k":[1308.426,1965.908],"ix":2},"a":{"a":0,"k":[1308.426,1965.908],"ix":1},"s":{"a":0,"k":[100,100],"ix":3},"r":{"a":0,"k":0,"ix":6},"o":{"a":0,"k":30,"ix":7},"sk":{"a":0,"k":0,"ix":4},"sa":{"a":0,"k":0,"ix":5},"nm":"Transform"}],"nm":"Group 1","np":4,"cix":2,"bm":0,"ix":1,"mn":"ADBE Vector Group","hd":false},{"ty":"gr","it":[{"ind":0,"ty":"sh","ix":1,"ks":{"a":0,"k":{"i":[[165.34,-703.002],[-156.653,533.511],[240.792,3.661],[38.832,-39.668],[-9.837,-186.495]],"o":[[282.337,-579.909],[6.234,-53.383],[-55.505,-0.844],[-52.862,54],[8.362,842.843]],"v":[[236.166,800.517],[108.007,-544.743],[-69.676,-800.494],[-217.494,-740.057],[-315.1,-398.131]],"c":true},"ix":2},"nm":"Path 1","mn":"ADBE Vector Shape - Group","hd":false},{"ty":"gf","o":{"a":0,"k":100,"ix":10},"r":1,"bm":0,"g":{"p":3,"k":{"a":0,"k":[0,0.694,0.482,0.929,0.5,0.786,0.516,0.9,1,0.878,0.549,0.871],"ix":9}},"s":{"a":0,"k":[-17.165,108.664],"ix":5},"e":{"a":0,"k":[221.058,-1166.002],"ix":6},"t":1,"nm":"Gradient Fill 1","mn":"ADBE Vector Graphic - G-Fill","hd":false},{"ty":"tr","p":{"a":0,"k":[1228.165,1960.336],"ix":2},"a":{"a":0,"k":[0,0],"ix":1},"s":{"a":0,"k":[100,100],"ix":3},"r":{"a":0,"k":0,"ix":6},"o":{"a":0,"k":100,"ix":7},"sk":{"a":0,"k":0,"ix":4},"sa":{"a":0,"k":0,"ix":5},"nm":"Transform"}],"nm":"Group 2","np":2,"cix":2,"bm":0,"ix":2,"mn":"ADBE Vector Group","hd":false}],"ip":0,"op":144,"st":0,"bm":0},{"ddd":0,"ind":12,"ty":4,"nm":"l2","sr":1,"ks":{"o":{"a":0,"k":100,"ix":11},"r":{"a":1,"k":[{"i":{"x":[0.667],"y":[1]},"o":{"x":[0.333],"y":[0]},"t":0,"s":[0]},{"t":30,"s":[4]}],"ix":10,"x":"var $bm_rt;\n$bm_rt = loopOut('pingpong');"},"p":{"a":0,"k":[1422.143,2903.392,0],"ix":2},"a":{"a":0,"k":[1654.143,3163.392,0],"ix":1},"s":{"a":0,"k":[100,100,100],"ix":6}},"ao":0,"shapes":[{"ty":"gr","it":[{"ty":"gr","it":[{"ind":0,"ty":"sh","ix":1,"ks":{"a":0,"k":{"i":[[0,0],[-264.555,-6.77],[-65.93,148.301]],"o":[[0,0],[0,0],[65.93,-148.301]],"v":[[-200.248,-17.862],[181.179,176.687],[200.248,-176.687]],"c":false},"ix":2},"nm":"Path 1","mn":"ADBE Vector Shape - Group","hd":false},{"ty":"st","c":{"a":0,"k":[1,1,1,1],"ix":3},"o":{"a":0,"k":100,"ix":4},"w":{"a":0,"k":4,"ix":5},"lc":1,"lj":1,"ml":10,"bm":0,"nm":"Stroke 1","mn":"ADBE Vector Graphic - Stroke","hd":false},{"ty":"tr","p":{"a":0,"k":[619.467,2058.911],"ix":2},"a":{"a":0,"k":[0,0],"ix":1},"s":{"a":0,"k":[100,100],"ix":3},"r":{"a":0,"k":0,"ix":6},"o":{"a":0,"k":100,"ix":7},"sk":{"a":0,"k":0,"ix":4},"sa":{"a":0,"k":0,"ix":5},"nm":"Transform"}],"nm":"Group 1","np":2,"cix":2,"bm":0,"ix":1,"mn":"ADBE Vector Group","hd":false},{"ty":"gr","it":[{"ind":0,"ty":"sh","ix":1,"ks":{"a":0,"k":{"i":[[0,0],[-25.993,-111.119],[203.939,124.034]],"o":[[0,0],[0,0],[-203.939,-124.034]],"v":[[244.717,-164.743],[224.017,138.247],[-244.717,96.067]],"c":false},"ix":2},"nm":"Path 1","mn":"ADBE Vector Shape - Group","hd":false},{"ty":"st","c":{"a":0,"k":[1,1,1,1],"ix":3},"o":{"a":0,"k":100,"ix":4},"w":{"a":0,"k":4,"ix":5},"lc":1,"lj":1,"ml":10,"bm":0,"nm":"Stroke 1","mn":"ADBE Vector Graphic - Stroke","hd":false},{"ty":"tr","p":{"a":0,"k":[776.079,2318.335],"ix":2},"a":{"a":0,"k":[0,0],"ix":1},"s":{"a":0,"k":[100,100],"ix":3},"r":{"a":0,"k":0,"ix":6},"o":{"a":0,"k":100,"ix":7},"sk":{"a":0,"k":0,"ix":4},"sa":{"a":0,"k":0,"ix":5},"nm":"Transform"}],"nm":"Group 2","np":2,"cix":2,"bm":0,"ix":2,"mn":"ADBE Vector Group","hd":false},{"ty":"gr","it":[{"ind":0,"ty":"sh","ix":1,"ks":{"a":0,"k":{"i":[[0,0],[-25.447,31.275],[-26.971,149.061]],"o":[[0,0],[0,0],[26.971,-149.061]],"v":[[-106.212,163.972],[106.212,96.908],[53.132,-163.972]],"c":false},"ix":2},"nm":"Path 1","mn":"ADBE Vector Shape - Group","hd":false},{"ty":"st","c":{"a":0,"k":[1,1,1,1],"ix":3},"o":{"a":0,"k":100,"ix":4},"w":{"a":0,"k":4,"ix":5},"lc":1,"lj":1,"ml":10,"bm":0,"nm":"Stroke 1","mn":"ADBE Vector Graphic - Stroke","hd":false},{"ty":"tr","p":{"a":0,"k":[1187.764,2670.957],"ix":2},"a":{"a":0,"k":[0,0],"ix":1},"s":{"a":0,"k":[100,100],"ix":3},"r":{"a":0,"k":0,"ix":6},"o":{"a":0,"k":100,"ix":7},"sk":{"a":0,"k":0,"ix":4},"sa":{"a":0,"k":0,"ix":5},"nm":"Transform"}],"nm":"Group 3","np":2,"cix":2,"bm":0,"ix":3,"mn":"ADBE Vector Group","hd":false},{"ty":"gr","it":[{"ind":0,"ty":"sh","ix":1,"ks":{"a":0,"k":{"i":[[0,0],[326.553,49.052],[40.947,56.997],[112.545,71.895],[-21.124,36.121]],"o":[[0,0],[-182.554,-33.052],[-40.947,-56.997],[-112.545,-71.895],[21.124,-36.121]],"v":[[537.102,677.784],[166.521,277.37],[-127.359,-33.912],[-376.377,-291.787],[-533.157,-677.784]],"c":false},"ix":2},"nm":"Path 1","mn":"ADBE Vector Shape - Group","hd":false},{"ty":"st","c":{"a":0,"k":[1,1,1,1],"ix":3},"o":{"a":0,"k":100,"ix":4},"w":{"a":0,"k":4,"ix":5},"lc":1,"lj":1,"ml":10,"bm":0,"nm":"Stroke 1","mn":"ADBE Vector Graphic - Stroke","hd":false},{"ty":"tr","p":{"a":0,"k":[1127.455,2490.495],"ix":2},"a":{"a":0,"k":[0,0],"ix":1},"s":{"a":0,"k":[100,100],"ix":3},"r":{"a":0,"k":0,"ix":6},"o":{"a":0,"k":100,"ix":7},"sk":{"a":0,"k":0,"ix":4},"sa":{"a":0,"k":0,"ix":5},"nm":"Transform"}],"nm":"Group 4","np":2,"cix":2,"bm":0,"ix":4,"mn":"ADBE Vector Group","hd":false},{"ty":"tr","p":{"a":0,"k":[1127.455,2490.495],"ix":2},"a":{"a":0,"k":[1127.455,2490.495],"ix":1},"s":{"a":0,"k":[100,100],"ix":3},"r":{"a":0,"k":0,"ix":6},"o":{"a":0,"k":30,"ix":7},"sk":{"a":0,"k":0,"ix":4},"sa":{"a":0,"k":0,"ix":5},"nm":"Transform"}],"nm":"Group 1","np":4,"cix":2,"bm":0,"ix":1,"mn":"ADBE Vector Group","hd":false},{"ty":"gr","it":[{"ind":0,"ty":"sh","ix":1,"ks":{"a":0,"k":{"i":[[-87.116,-144.57],[473.678,151.41],[67.009,247.889],[32.879,-386.466],[-188.146,-70.411]],"o":[[0,0],[-182.122,-44.744],[-67.009,-247.889],[-32.879,386.466],[188.146,70.411]],"v":[[607.317,678.578],[311.222,99.892],[-67.002,-422.296],[-638.021,-448.651],[-81.349,307.079]],"c":true},"ix":2},"nm":"Path 1","mn":"ADBE Vector Shape - Group","hd":false},{"ty":"gf","o":{"a":0,"k":100,"ix":10},"r":1,"bm":0,"g":{"p":3,"k":{"a":0,"k":[0,0.392,0.4,0.847,0.346,0.529,0.451,0.912,0.692,0.667,0.502,0.976],"ix":9}},"s":{"a":0,"k":[36.857,423.505],"ix":5},"e":{"a":0,"k":[-433.366,-989.828],"ix":6},"t":1,"nm":"Gradient Fill 1","mn":"ADBE Vector Graphic - G-Fill","hd":false},{"ty":"tr","p":{"a":0,"k":[1058.143,2491.495],"ix":2},"a":{"a":0,"k":[0,0],"ix":1},"s":{"a":0,"k":[100,100],"ix":3},"r":{"a":0,"k":0,"ix":6},"o":{"a":0,"k":100,"ix":7},"sk":{"a":0,"k":0,"ix":4},"sa":{"a":0,"k":0,"ix":5},"nm":"Transform"}],"nm":"Group 2","np":2,"cix":2,"bm":0,"ix":2,"mn":"ADBE Vector Group","hd":false}],"ip":0,"op":144,"st":0,"bm":0},{"ddd":0,"ind":13,"ty":4,"nm":"upper part","sr":1,"ks":{"o":{"a":0,"k":100,"ix":11},"r":{"a":0,"k":0,"ix":10},"p":{"a":0,"k":[1202.432,1725.152,0],"ix":2},"a":{"a":0,"k":[1202.432,1725.152,0],"ix":1},"s":{"a":1,"k":[{"i":{"x":[0.667,0.667,0.667],"y":[1,1,1]},"o":{"x":[0.333,0.333,0.333],"y":[0,0,0]},"t":0,"s":[100,100,100]},{"t":60,"s":[82,100,100]}],"ix":6,"x":"var $bm_rt;\n$bm_rt = loopOut('pingpong');"}},"ao":0,"shapes":[{"ty":"gr","it":[{"ind":0,"ty":"sh","ix":1,"ks":{"a":0,"k":{"i":[[13.479,181.966],[33.457,314.485],[-37.077,374.749],[-65.875,82.033],[0,0],[0,-38.571],[0,0],[-41.474,-5.406],[0,0]],"o":[[-19.964,-269.529],[-48.449,-455.41],[11.576,-116.991],[0,0],[-45.855,1.309],[0,0],[0,35.281],[0,0],[-372.269,-258.608]],"v":[[74.067,630.087],[219.157,-18.259],[-239.023,-1000.408],[-106.583,-1300.093],[-487.29,-1289.236],[-569.516,-1217.731],[-569.516,1090.304],[-497.448,1161.005],[569.516,1300.093]],"c":true},"ix":2},"nm":"Path 1","mn":"ADBE Vector Shape - Group","hd":false},{"ty":"gf","o":{"a":0,"k":100,"ix":10},"r":1,"bm":0,"g":{"p":3,"k":{"a":0,"k":[0,0.29411764705882354,0.2235294117647059,0.9372549019607843,0.5,0.29411764705882354,0.2235294117647059,0.9372549019607843,1,0.984,0.435,0.733],"ix":9}},"s":{"a":0,"k":[680.053,-645.46],"ix":5},"e":{"a":0,"k":[-1426.072,1434.342],"ix":6},"t":1,"nm":"Gradient Fill 1","mn":"ADBE Vector Graphic - G-Fill","hd":false},{"ty":"tr","p":{"a":0,"k":[1771.947,1718.46],"ix":2},"a":{"a":0,"k":[0,0],"ix":1},"s":{"a":0,"k":[100,100],"ix":3},"r":{"a":0,"k":0,"ix":6},"o":{"a":0,"k":30,"ix":7},"sk":{"a":0,"k":0,"ix":4},"sa":{"a":0,"k":0,"ix":5},"nm":"Transform"}],"nm":"Group 1","np":2,"cix":2,"bm":1,"ix":1,"mn":"ADBE Vector Group","hd":false},{"ty":"gr","it":[{"ty":"gr","it":[{"ty":"gr","it":[{"ind":0,"ty":"sh","ix":1,"ks":{"a":0,"k":{"i":[[78.202,2.04],[32.388,38.778],[0,56.086],[-35.151,36.386],[-73.096,0.003],[-38.964,-33.808],[0,-62.784],[37.611,-36.628]],"o":[[-77.434,-2.02],[-32.249,-38.609],[0,-56.052],[35.288,-36.523],[73.77,-0.002],[39.121,34.015],[0,62.784],[-37.47,36.48]],"v":[[-6.135,-400.136],[-170.593,-461.383],[-218.921,-603.346],[-166.284,-741.94],[-3.927,-796.81],[165.349,-746.134],[224.126,-600.885],[167.601,-451.686]],"c":true},"ix":2},"nm":"Path 1","mn":"ADBE Vector Shape - Group","hd":false},{"ind":1,"ty":"sh","ix":2,"ks":{"a":0,"k":{"i":[[0,0],[0,0],[0,0],[0,0],[0,0],[0,0],[0,0],[0,0],[0,0],[0,0]],"o":[[0,0],[0,0],[0,0],[0,0],[0,0],[0,0],[0,0],[0,0],[0,0],[0,0]],"v":[[-331.529,-264.62],[203.727,-245.475],[203.727,744.781],[331.529,757.57],[331.529,796.81],[-323.091,729.649],[-323.091,692.063],[-206.062,703.774],[-206.062,-222.247],[-331.529,-227.052]],"c":true},"ix":2},"nm":"Path 2","mn":"ADBE Vector Shape - Group","hd":false},{"ty":"fl","c":{"a":0,"k":[1,1,1,1],"ix":4},"o":{"a":0,"k":100,"ix":5},"r":1,"bm":0,"nm":"Fill 1","mn":"ADBE Vector Graphic - Fill","hd":false},{"ty":"tr","p":{"a":0,"k":[0,0],"ix":2},"a":{"a":0,"k":[0,0],"ix":1},"s":{"a":0,"k":[100,100],"ix":3},"r":{"a":0,"k":0,"ix":6},"o":{"a":0,"k":100,"ix":7},"sk":{"a":0,"k":0,"ix":4},"sa":{"a":0,"k":0,"ix":5},"nm":"Transform"}],"nm":"Group 1","np":3,"cix":2,"bm":0,"ix":1,"mn":"ADBE Vector Group","hd":false},{"ty":"tr","p":{"a":0,"k":[1940.232,1628.582],"ix":2},"a":{"a":0,"k":[0,0],"ix":1},"s":{"a":0,"k":[100,100],"ix":3},"r":{"a":0,"k":0,"ix":6},"o":{"a":0,"k":100,"ix":7},"sk":{"a":0,"k":0,"ix":4},"sa":{"a":0,"k":0,"ix":5},"nm":"Transform"}],"nm":"Group 1","np":1,"cix":2,"bm":0,"ix":1,"mn":"ADBE Vector Group","hd":false},{"ty":"tr","p":{"a":0,"k":[1940.232,1628.582],"ix":2},"a":{"a":0,"k":[1940.232,1628.582],"ix":1},"s":{"a":0,"k":[100,100],"ix":3},"r":{"a":0,"k":0,"ix":6},"o":{"a":0,"k":100,"ix":7},"sk":{"a":0,"k":0,"ix":4},"sa":{"a":0,"k":0,"ix":5},"nm":"Transform"}],"nm":"Group 2","np":1,"cix":2,"bm":0,"ix":2,"mn":"ADBE Vector Group","hd":false},{"ty":"gr","it":[{"ind":0,"ty":"sh","ix":1,"ks":{"a":0,"k":{"i":[[0,-38.57],[0,0],[-41.474,-5.407],[0,0],[0,36.824],[0,0],[40.834,-0.888],[0,0]],"o":[[0,0],[0,35.281],[0,0],[43.445,4.717],[0,0],[0,-34.337],[0,0],[-45.855,1.308]],"v":[[-769.446,-1224.422],[-769.446,1083.613],[-697.378,1154.315],[687.514,1334.846],[769.446,1274.297],[769.446,-1274.306],[694.94,-1335.338],[-687.221,-1295.927]],"c":true},"ix":2},"nm":"Path 1","mn":"ADBE Vector Shape - Group","hd":false},{"ty":"gf","o":{"a":0,"k":100,"ix":10},"r":1,"bm":0,"g":{"p":3,"k":{"a":0,"k":[0,0.29411764705882354,0.2235294117647059,0.9372549019607843,0.5,0.992,0.5,0.627,1,0.984,0.435,0.733],"ix":9}},"s":{"a":0,"k":[639.122,-609.152],"ix":5},"e":{"a":0,"k":[-1548.484,1551.113],"ix":6},"t":1,"nm":"Gradient Fill 1","mn":"ADBE Vector Graphic - G-Fill","hd":false},{"ty":"tr","p":{"a":0,"k":[1971.878,1725.152],"ix":2},"a":{"a":0,"k":[0,0],"ix":1},"s":{"a":0,"k":[100,100],"ix":3},"r":{"a":0,"k":0,"ix":6},"o":{"a":0,"k":100,"ix":7},"sk":{"a":0,"k":0,"ix":4},"sa":{"a":0,"k":0,"ix":5},"nm":"Transform"}],"nm":"Group 3","np":2,"cix":2,"bm":0,"ix":3,"mn":"ADBE Vector Group","hd":false}],"ip":0,"op":144,"st":0,"bm":0},{"ddd":0,"ind":14,"ty":4,"nm":"lower part","sr":1,"ks":{"o":{"a":0,"k":100,"ix":11},"r":{"a":0,"k":0,"ix":10},"p":{"a":0,"k":[2221.202,1650.82,0],"ix":2},"a":{"a":0,"k":[2221.202,1650.82,0],"ix":1},"s":{"a":0,"k":[100,100,100],"ix":6}},"ao":0,"shapes":[{"ty":"gr","it":[{"ind":0,"ty":"sh","ix":1,"ks":{"a":0,"k":{"i":[[2.623,0],[0,0],[0,0],[0,0],[0,-2.623],[0,0]],"o":[[0,0],[0,0],[0,0],[2.623,0],[0,0],[0,2.623]],"v":[[93.345,230.747],[-98.095,230.747],[-98.095,-230.747],[93.345,-230.747],[98.095,-225.997],[98.095,225.997]],"c":true},"ix":2},"nm":"Path 1","mn":"ADBE Vector Shape - Group","hd":false},{"ty":"gf","o":{"a":0,"k":100,"ix":10},"r":1,"bm":0,"g":{"p":3,"k":{"a":0,"k":[0,1,0.565,0.522,0.5,0.992,0.5,0.627,1,0.984,0.435,0.733],"ix":9}},"s":{"a":0,"k":[346.74,-324.342],"ix":5},"e":{"a":0,"k":[-319.426,293.86],"ix":6},"t":1,"nm":"Gradient Fill 1","mn":"ADBE Vector Graphic - G-Fill","hd":false},{"ty":"tr","p":{"a":0,"k":[3122.26,822.342],"ix":2},"a":{"a":0,"k":[0,0],"ix":1},"s":{"a":0,"k":[100,100],"ix":3},"r":{"a":0,"k":0,"ix":6},"o":{"a":0,"k":100,"ix":7},"sk":{"a":0,"k":0,"ix":4},"sa":{"a":0,"k":0,"ix":5},"nm":"Transform"}],"nm":"Group 1","np":2,"cix":2,"bm":0,"ix":1,"mn":"ADBE Vector Group","hd":false},{"ty":"gr","it":[{"ind":0,"ty":"sh","ix":1,"ks":{"a":0,"k":{"i":[[0,0],[0,0],[0,0],[0,30.871],[0,0],[37.826,0.896]],"o":[[0,0],[0,0],[36.635,-2.144],[0,0],[0,-31.811],[0,0]],"v":[[-893.7,-1147.141],[-893.7,1147.141],[828.65,1041.907],[893.7,983.284],[893.7,-1064.357],[825.762,-1123.099]],"c":true},"ix":2},"nm":"Path 1","mn":"ADBE Vector Shape - Group","hd":false},{"ty":"fl","c":{"a":0,"k":[0.956862747669,0.96862745285,0.980392158031,1],"ix":4},"o":{"a":0,"k":100,"ix":5},"r":1,"bm":0,"nm":"Fill 1","mn":"ADBE Vector Graphic - Fill","hd":false},{"ty":"tr","p":{"a":0,"k":[2115.75,1650.82],"ix":2},"a":{"a":0,"k":[0,0],"ix":1},"s":{"a":0,"k":[100,100],"ix":3},"r":{"a":0,"k":0,"ix":6},"o":{"a":0,"k":67,"ix":7},"sk":{"a":0,"k":0,"ix":4},"sa":{"a":0,"k":0,"ix":5},"nm":"Transform"}],"nm":"Group 2","np":2,"cix":2,"bm":0,"ix":2,"mn":"ADBE Vector Group","hd":false},{"ty":"gr","it":[{"ind":0,"ty":"sh","ix":1,"ks":{"a":0,"k":{"i":[[0,0],[0,0],[0,0],[0,32.812],[0,0],[40.204,0.952]],"o":[[0,0],[0,0],[38.938,-2.279],[0,0],[0,-33.81],[0,0]],"v":[[-891.834,-1219.251],[-891.834,1219.251],[822.695,1108.228],[891.834,1045.92],[891.834,-1130.437],[819.625,-1192.872]],"c":true},"ix":2},"nm":"Path 1","mn":"ADBE Vector Shape - Group","hd":false},{"ty":"gf","o":{"a":0,"k":100,"ix":10},"r":1,"bm":0,"g":{"p":3,"k":{"a":0,"k":[0,1,0.565,0.522,0.5,0.992,0.5,0.627,1,0.984,0.435,0.733],"ix":9}},"s":{"a":0,"k":[1195.025,-1184.82],"ix":5},"e":{"a":0,"k":[533.939,-571.333],"ix":6},"t":1,"nm":"Gradient Fill 1","mn":"ADBE Vector Graphic - G-Fill","hd":false},{"ty":"tr","p":{"a":0,"k":[2200.975,1650.82],"ix":2},"a":{"a":0,"k":[0,0],"ix":1},"s":{"a":0,"k":[100,100],"ix":3},"r":{"a":0,"k":0,"ix":6},"o":{"a":0,"k":100,"ix":7},"sk":{"a":0,"k":0,"ix":4},"sa":{"a":0,"k":0,"ix":5},"nm":"Transform"}],"nm":"Group 3","np":2,"cix":2,"bm":0,"ix":3,"mn":"ADBE Vector Group","hd":false}],"ip":0,"op":144,"st":0,"bm":0},{"ddd":0,"ind":15,"ty":4,"nm":"BG","sr":1,"ks":{"o":{"a":0,"k":100,"ix":11},"r":{"a":0,"k":0,"ix":10},"p":{"a":0,"k":[1786.185,1811.351,0],"ix":2},"a":{"a":0,"k":[0,0,0],"ix":1},"s":{"a":0,"k":[100,100,100],"ix":6}},"ao":0,"shapes":[{"ty":"gr","it":[{"ind":0,"ty":"sh","ix":1,"ks":{"a":0,"k":{"i":[[439.393,-452.909],[50.649,-33.819],[174.578,32.493],[204.278,184.557],[-354.691,541.922],[-565.878,73.972],[-9.045,0.958],[-442.329,-370.583],[-94.49,-145.933]],"o":[[-73.933,76.207],[-493.964,329.825],[-281.659,-52.423],[-464.181,-419.369],[42.056,-64.256],[13.841,-1.809],[87.54,-9.268],[63.317,53.047],[345.5,533.596]],"v":[[1078.448,1016.083],[887.714,1170.906],[-345.484,1373.175],[-1069.18,1099.214],[-1156.093,-736.913],[-194.006,-1400.108],[-160.793,-1403.905],[911.544,-1091.508],[1171.247,-796.845]],"c":true},"ix":2},"nm":"Path 1","mn":"ADBE Vector Shape - Group","hd":false},{"ty":"fl","c":{"a":0,"k":[0.956862747669,0.96862745285,0.980392158031,1],"ix":4},"o":{"a":0,"k":100,"ix":5},"r":1,"bm":0,"nm":"Fill 1","mn":"ADBE Vector Graphic - Fill","hd":false},{"ty":"tr","p":{"a":0,"k":[0,0],"ix":2},"a":{"a":0,"k":[0,0],"ix":1},"s":{"a":0,"k":[100,100],"ix":3},"r":{"a":0,"k":0,"ix":6},"o":{"a":0,"k":100,"ix":7},"sk":{"a":0,"k":0,"ix":4},"sa":{"a":0,"k":0,"ix":5},"nm":"Transform"}],"nm":"Group 1","np":2,"cix":2,"bm":0,"ix":1,"mn":"ADBE Vector Group","hd":false}],"ip":0,"op":144,"st":0,"bm":0}],"markers":[]}